facility_id,level,cost,duration_seconds,income_per_hour
booster-club,1,0,0,100
booster-club,2,500,300,150
booster-club,3,1500,1800,220
booster-club,4,4000,7200,320
booster-club,5,10000,28800,450
stadium,1,300,120,
stadium,2,800,600,
stadium,3,2000,2700,
stadium,4,5000,10800,
stadium,5,12000,36000,
weight-room,1,300,120,
weight-room,2,800,600,
weight-room,3,2000,2700,
weight-room,4,5000,10800,
weight-room,5,12000,36000,
practice-facility,1,300,120,
practice-facility,2,800,600,
practice-facility,3,2000,2700,
practice-facility,4,5000,10800,
practice-facility,5,12000,36000,
film-room,1,300,120,
film-room,2,800,600,
film-room,3,2000,2700,
film-room,4,5000,10800,
film-room,5,12000,36000,
academic-center,1,300,120,
academic-center,2,800,600,
academic-center,3,2000,2700,
academic-center,4,5000,10800,
academic-center,5,12000,36000,
