school_id,rival_school_id,rank
texas,oklahoma,1
texas,texas-am,2
oklahoma,texas,1
oklahoma,oklahoma-state,2
texas-am,texas,1
texas-am,lsu,2
alabama,auburn,1
alabama,tennessee,2
auburn,alabama,1
auburn,georgia,2
georgia,florida,1
georgia,auburn,2
florida,georgia,1
florida,florida-state,2
tennessee,alabama,1
tennessee,vanderbilt,2
vanderbilt,tennessee,1
lsu,alabama,1
lsu,ole-miss,2
ole-miss,mississippi-state,1
ole-miss,lsu,2
mississippi-state,ole-miss,1
arkansas,lsu,1
arkansas,texas,2
missouri,kansas,1
missouri,arkansas,2
kentucky,louisville,1
kentucky,tennessee,2
south-carolina,clemson,1
south-carolina,georgia,2
michigan,ohio-state,1
michigan,michigan-state,2
ohio-state,michigan,1
ohio-state,penn-state,2
michigan-state,michigan,1
penn-state,ohio-state,1
penn-state,michigan-state,2
wisconsin,minnesota,1
wisconsin,iowa,2
minnesota,wisconsin,1
minnesota,iowa,2
iowa,iowa-state,1
iowa,minnesota,2
nebraska,iowa,1
nebraska,colorado,2
illinois,northwestern,1
illinois,purdue,2
northwestern,illinois,1
indiana,purdue,1
purdue,indiana,1
maryland,rutgers,1
maryland,penn-state,2
rutgers,maryland,1
oregon,oregon-state,1
oregon,washington,2
washington,washington-state,1
washington,oregon,2
usc,ucla,1
usc,notre-dame,2
ucla,usc,1
oklahoma-state,oklahoma,1
oklahoma-state,texas-tech,2
texas-tech,texas,1
texas-tech,tcu,2
tcu,baylor,1
tcu,smu,2
baylor,tcu,1
baylor,texas-tech,2
kansas,kansas-state,1
kansas,missouri,2
kansas-state,kansas,1
iowa-state,iowa,1
iowa-state,kansas-state,2
west-virginia,pittsburgh,1
west-virginia,virginia-tech,2
cincinnati,miami-oh,1
cincinnati,louisville,2
houston,rice,1
houston,smu,2
ucf,south-florida,1
utah,byu,1
utah,colorado,2
byu,utah,1
colorado,nebraska,1
colorado,colorado-state,2
arizona,arizona-state,1
arizona-state,arizona,1
clemson,south-carolina,1
clemson,florida-state,2
florida-state,miami,1
florida-state,florida,2
miami,florida-state,1
miami,florida,2
north-carolina,duke,1
north-carolina,nc-state,2
nc-state,north-carolina,1
duke,north-carolina,1
virginia,virginia-tech,1
virginia-tech,virginia,1
virginia-tech,west-virginia,2
georgia-tech,georgia,1
georgia-tech,clemson,2
louisville,kentucky,1
louisville,cincinnati,2
pittsburgh,west-virginia,1
pittsburgh,penn-state,2
syracuse,boston-college,1
syracuse,pittsburgh,2
boston-college,syracuse,1
boston-college,notre-dame,2
wake-forest,nc-state,1
wake-forest,duke,2
stanford,california,1
stanford,notre-dame,2
california,stanford,1
smu,tcu,1
smu,houston,2
notre-dame,usc,1
notre-dame,michigan,2
uconn,massachusetts,1
uconn,boston-college,2
army,navy,1
army,air-force,2
navy,army,1
navy,air-force,2
memphis,tulane,1
memphis,uab,2
tulane,lsu,1
tulane,memphis,2
temple,rutgers,1
temple,penn-state,2
east-carolina,nc-state,1
east-carolina,north-carolina,2
south-florida,ucf,1
south-florida,florida-atlantic,2
florida-atlantic,fiu,1
florida-atlantic,south-florida,2
charlotte,old-dominion,1
charlotte,east-carolina,2
north-texas,smu,1
north-texas,utsa,2
rice,houston,1
rice,smu,2
tulsa,oklahoma-state,1
tulsa,north-texas,2
uab,memphis,1
uab,southern-miss,2
utsa,north-texas,1
utsa,texas-state,2
appalachian-state,georgia-southern,1
appalachian-state,coastal-carolina,2
georgia-southern,appalachian-state,1
georgia-southern,georgia-state,2
georgia-state,georgia-southern,1
coastal-carolina,appalachian-state,1
arkansas-state,memphis,1
arkansas-state,ul-monroe,2
louisiana,ul-monroe,1
louisiana,louisiana-tech,2
ul-monroe,louisiana,1
ul-monroe,arkansas-state,2
louisiana-tech,louisiana,1
louisiana-tech,southern-miss,2
southern-miss,louisiana-tech,1
southern-miss,memphis,2
troy,south-alabama,1
south-alabama,troy,1
marshall,west-virginia,1
marshall,ohio,2
old-dominion,james-madison,1
old-dominion,charlotte,2
james-madison,old-dominion,1
james-madison,appalachian-state,2
toledo,bowling-green,1
bowling-green,toledo,1
miami-oh,cincinnati,1
miami-oh,ohio,2
ohio,miami-oh,1
ohio,marshall,2
akron,kent-state,1
kent-state,akron,1
central-michigan,western-michigan,1
western-michigan,central-michigan,1
eastern-michigan,central-michigan,1
eastern-michigan,western-michigan,2
ball-state,northern-illinois,1
ball-state,toledo,2
buffalo,massachusetts,1
buffalo,akron,2
massachusetts,uconn,1
massachusetts,buffalo,2
northern-illinois,ball-state,1
northern-illinois,toledo,2
sacramento-state,san-jose-state,1
sacramento-state,fresno-state,2
air-force,army,1
air-force,navy,2
wyoming,colorado-state,1
utah-state,byu,1
utah-state,utah,2
nevada,unlv,1
unlv,nevada,1
new-mexico,new-mexico-state,1
new-mexico-state,new-mexico,1
new-mexico-state,utep,2
hawaii,byu,1
hawaii,san-jose-state,2
san-jose-state,fresno-state,1
san-jose-state,stanford,2
utep,new-mexico-state,1
utep,north-texas,2
middle-tennessee,western-kentucky,1
western-kentucky,middle-tennessee,1
delaware,james-madison,1
fiu,florida-atlantic,1
jacksonville-state,troy,1
jacksonville-state,kennesaw-state,2
kennesaw-state,jacksonville-state,1
liberty,james-madison,1
liberty,old-dominion,2
missouri-state,arkansas-state,1
sam-houston,texas-state,1
sam-houston,utsa,2
boise-state,fresno-state,1
boise-state,nevada,2
fresno-state,san-jose-state,1
fresno-state,boise-state,2
colorado-state,wyoming,1
colorado-state,colorado,2
oregon-state,oregon,1
oregon-state,washington-state,2
washington-state,washington,1
washington-state,oregon-state,2
san-diego-state,fresno-state,1
san-diego-state,unlv,2
texas-state,utsa,1
texas-state,sam-houston,2
