id,name,full_name,nickname,conference_id,city,state,generic_name,generic_nickname
alabama,Alabama,University of Alabama,Crimson Tide,sec,Tuscaloosa,AL,Tuscaloosa,Phantoms
arkansas,Arkansas,University of Arkansas,Razorbacks,sec,Fayetteville,AR,Fayetteville,Fury
auburn,Auburn,Auburn University,Tigers,sec,Auburn,AL,Auburn,Avalanche
florida,Florida,University of Florida,Gators,sec,Gainesville,FL,Gainesville,Elk
georgia,Georgia,University of Georgia,Bulldogs,sec,Athens,GA,Athens (GA),Barracudas
kentucky,Kentucky,University of Kentucky,Wildcats,sec,Lexington,KY,Lexington,Comets
lsu,LSU,Louisiana State University,Tigers,sec,Baton Rouge,LA,Baton Rouge,Archers
mississippi-state,Mississippi State,Mississippi State University,Bulldogs,sec,Starkville,MS,Starkville,Rangers
missouri,Missouri,University of Missouri,Tigers,sec,Columbia,MO,Columbia (MO),Titans
oklahoma,Oklahoma,University of Oklahoma,Sooners,sec,Norman,OK,Norman,Condors
ole-miss,Ole Miss,University of Mississippi,Rebels,sec,Oxford,MS,Oxford (MS),Pioneers
south-carolina,South Carolina,University of South Carolina,Gamecocks,sec,Columbia,SC,Columbia (SC),Sentinels
tennessee,Tennessee,University of Tennessee,Volunteers,sec,Knoxville,TN,Knoxville,Stampede
texas,Texas,University of Texas at Austin,Longhorns,sec,Austin,TX,Austin,Guardians
texas-am,Texas A&M,Texas A&M University,Aggies,sec,College Station,TX,College Station,Tempest
vanderbilt,Vanderbilt,Vanderbilt University,Commodores,sec,Nashville,TN,Nashville,Express
illinois,Illinois,University of Illinois Urbana-Champaign,Fighting Illini,big-ten,Champaign,IL,Champaign,Hammers
indiana,Indiana,Indiana University,Hoosiers,big-ten,Bloomington,IN,Bloomington,Phantoms
iowa,Iowa,University of Iowa,Hawkeyes,big-ten,Iowa City,IA,Iowa City,Surge
maryland,Maryland,University of Maryland,Terrapins,big-ten,College Park,MD,College Park,Sentinels
michigan,Michigan,University of Michigan,Wolverines,big-ten,Ann Arbor,MI,Ann Arbor,Sabres
michigan-state,Michigan State,Michigan State University,Spartans,big-ten,East Lansing,MI,East Lansing,Grizzlies
minnesota,Minnesota,University of Minnesota,Golden Gophers,big-ten,Minneapolis,MN,Minneapolis,Vipers
nebraska,Nebraska,University of Nebraska-Lincoln,Cornhuskers,big-ten,Lincoln,NE,Lincoln,Stingrays
northwestern,Northwestern,Northwestern University,Wildcats,big-ten,Evanston,IL,Evanston,Express
ohio-state,Ohio State,The Ohio State University,Buckeyes,big-ten,Columbus,OH,Columbus,Tempest
oregon,Oregon,University of Oregon,Ducks,big-ten,Eugene,OR,Eugene,Pythons
penn-state,Penn State,Pennsylvania State University,Nittany Lions,big-ten,University Park,PA,University Park,Generals
purdue,Purdue,Purdue University,Boilermakers,big-ten,West Lafayette,IN,West Lafayette,Condors
rutgers,Rutgers,Rutgers University,Scarlet Knights,big-ten,Piscataway,NJ,Piscataway,Flyers
ucla,UCLA,University of California Los Angeles,Bruins,big-ten,Los Angeles,CA,North Los Angeles,Rapids
usc,USC,University of Southern California,Trojans,big-ten,Los Angeles,CA,South Los Angeles,Wildfire
washington,Washington,University of Washington,Huskies,big-ten,Seattle,WA,Seattle,Summit
wisconsin,Wisconsin,University of Wisconsin-Madison,Badgers,big-ten,Madison,WI,Madison,Avalanche
arizona,Arizona,University of Arizona,Wildcats,big-12,Tucson,AZ,Tucson,Vipers
arizona-state,Arizona State,Arizona State University,Sun Devils,big-12,Tempe,AZ,Tempe,Titans
baylor,Baylor,Baylor University,Bears,big-12,Waco,TX,Waco,Prowlers
byu,BYU,Brigham Young University,Cougars,big-12,Provo,UT,Provo,Typhoon
cincinnati,Cincinnati,University of Cincinnati,Bearcats,big-12,Cincinnati,OH,Cincinnati,Foxes
colorado,Colorado,University of Colorado Boulder,Buffaloes,big-12,Boulder,CO,Boulder,Flyers
houston,Houston,University of Houston,Cougars,big-12,Houston,TX,North Houston,Herons
iowa-state,Iowa State,Iowa State University,Cyclones,big-12,Ames,IA,Ames,Sharks
kansas,Kansas,University of Kansas,Jayhawks,big-12,Lawrence,KS,Lawrence,Lynx
kansas-state,Kansas State,Kansas State University,Wildcats,big-12,Manhattan,KS,Manhattan,Meteors
oklahoma-state,Oklahoma State,Oklahoma State University,Cowboys,big-12,Stillwater,OK,Stillwater,Rapids
tcu,TCU,Texas Christian University,Horned Frogs,big-12,Fort Worth,TX,Fort Worth,Generals
texas-tech,Texas Tech,Texas Tech University,Red Raiders,big-12,Lubbock,TX,Lubbock,Comets
ucf,UCF,University of Central Florida,Knights,big-12,Orlando,FL,Orlando,Stingrays
utah,Utah,University of Utah,Utes,big-12,Salt Lake City,UT,Salt Lake City,Sentinels
west-virginia,West Virginia,West Virginia University,Mountaineers,big-12,Morgantown,WV,Morgantown,Sabres
boston-college,Boston College,Boston College,Eagles,acc,Chestnut Hill,MA,Chestnut Hill,Avalanche
california,California,University of California Berkeley,Golden Bears,acc,Berkeley,CA,Berkeley,Meteors
clemson,Clemson,Clemson University,Tigers,acc,Clemson,SC,Clemson,Wildfire
duke,Duke,Duke University,Blue Devils,acc,Durham,NC,Durham,Condors
florida-state,Florida State,Florida State University,Seminoles,acc,Tallahassee,FL,Tallahassee,Comets
georgia-tech,Georgia Tech,Georgia Institute of Technology,Yellow Jackets,acc,Atlanta,GA,South Atlanta,Admirals
louisville,Louisville,University of Louisville,Cardinals,acc,Louisville,KY,Louisville,Pilots
miami,Miami,University of Miami,Hurricanes,acc,Coral Gables,FL,Coral Gables,Rapids
north-carolina,North Carolina,University of North Carolina at Chapel Hill,Tar Heels,acc,Chapel Hill,NC,Chapel Hill,Summit
nc-state,NC State,North Carolina State University,Wolfpack,acc,Raleigh,NC,Raleigh,Typhoon
pittsburgh,Pittsburgh,University of Pittsburgh,Panthers,acc,Pittsburgh,PA,Pittsburgh,Anchors
smu,SMU,Southern Methodist University,Mustangs,acc,Dallas,TX,Dallas,Ridgebacks
stanford,Stanford,Stanford University,Cardinal,acc,Stanford,CA,Stanford,Voltage
syracuse,Syracuse,Syracuse University,Orange,acc,Syracuse,NY,Syracuse,Stingrays
virginia,Virginia,University of Virginia,Cavaliers,acc,Charlottesville,VA,Charlottesville,Moose
virginia-tech,Virginia Tech,Virginia Polytechnic Institute and State University,Hokies,acc,Blacksburg,VA,Blacksburg,Lancers
wake-forest,Wake Forest,Wake Forest University,Demon Deacons,acc,Winston-Salem,NC,Winston-Salem,Riders
notre-dame,Notre Dame,University of Notre Dame,Fighting Irish,independent,Notre Dame,IN,Notre Dame,Generals
uconn,UConn,University of Connecticut,Huskies,independent,Storrs,CT,Storrs,Rapids
army,Army,United States Military Academy,Black Knights,american,West Point,NY,West Point,Outlaws
charlotte,Charlotte,University of North Carolina at Charlotte,49ers,american,Charlotte,NC,Charlotte,Glaciers
east-carolina,East Carolina,East Carolina University,Pirates,american,Greenville,NC,Greenville,Astros
florida-atlantic,Florida Atlantic,Florida Atlantic University,Owls,american,Boca Raton,FL,Boca Raton,Ridgebacks
memphis,Memphis,University of Memphis,Tigers,american,Memphis,TN,Memphis,Pythons
navy,Navy,United States Naval Academy,Midshipmen,american,Annapolis,MD,Annapolis,Grizzlies
north-texas,North Texas,University of North Texas,Mean Green,american,Denton,TX,Denton,Prowlers
rice,Rice,Rice University,Owls,american,Houston,TX,South Houston,Stingrays
south-florida,South Florida,University of South Florida,Bulls,american,Tampa,FL,Tampa,Summit
temple,Temple,Temple University,Owls,american,Philadelphia,PA,Philadelphia,Hammers
tulane,Tulane,Tulane University,Green Wave,american,New Orleans,LA,New Orleans,Raptors
tulsa,Tulsa,University of Tulsa,Golden Hurricane,american,Tulsa,OK,Tulsa,Pilots
uab,UAB,University of Alabama at Birmingham,Blazers,american,Birmingham,AL,Birmingham,Bighorns
utsa,UTSA,University of Texas at San Antonio,Roadrunners,american,San Antonio,TX,San Antonio,Guardians
appalachian-state,Appalachian State,Appalachian State University,Mountaineers,sun-belt,Boone,NC,Boone,Vipers
arkansas-state,Arkansas State,Arkansas State University,Red Wolves,sun-belt,Jonesboro,AR,Jonesboro,Outlaws
coastal-carolina,Coastal Carolina,Coastal Carolina University,Chanticleers,sun-belt,Conway,SC,Conway,Express
georgia-southern,Georgia Southern,Georgia Southern University,Eagles,sun-belt,Statesboro,GA,Statesboro,Coyotes
georgia-state,Georgia State,Georgia State University,Panthers,sun-belt,Atlanta,GA,North Atlanta,Archers
james-madison,James Madison,James Madison University,Dukes,sun-belt,Harrisonburg,VA,Harrisonburg,Foxes
louisiana,Louisiana,University of Louisiana at Lafayette,Ragin' Cajuns,sun-belt,Lafayette,LA,Lafayette,Prowlers
louisiana-tech,Louisiana Tech,Louisiana Tech University,Bulldogs,sun-belt,Ruston,LA,Ruston,Highlanders
marshall,Marshall,Marshall University,Thundering Herd,sun-belt,Huntington,WV,Huntington,Elk
old-dominion,Old Dominion,Old Dominion University,Monarchs,sun-belt,Norfolk,VA,Norfolk,Astros
south-alabama,South Alabama,University of South Alabama,Jaguars,sun-belt,Mobile,AL,Mobile,Sentinels
southern-miss,Southern Miss,University of Southern Mississippi,Golden Eagles,sun-belt,Hattiesburg,MS,Hattiesburg,Generals
troy,Troy,Troy University,Trojans,sun-belt,Troy,AL,Troy,Bighorns
ul-monroe,UL Monroe,University of Louisiana at Monroe,Warhawks,sun-belt,Monroe,LA,Monroe,Pilots
akron,Akron,University of Akron,Zips,mac,Akron,OH,Akron,Typhoon
ball-state,Ball State,Ball State University,Cardinals,mac,Muncie,IN,Muncie,Astros
bowling-green,Bowling Green,Bowling Green State University,Falcons,mac,Bowling Green,OH,Bowling Green (OH),Titans
buffalo,Buffalo,University at Buffalo,Bulls,mac,Buffalo,NY,Buffalo,Ridgebacks
central-michigan,Central Michigan,Central Michigan University,Chippewas,mac,Mount Pleasant,MI,Mount Pleasant,Fury
eastern-michigan,Eastern Michigan,Eastern Michigan University,Eagles,mac,Ypsilanti,MI,Ypsilanti,Ospreys
kent-state,Kent State,Kent State University,Golden Flashes,mac,Kent,OH,Kent,Comets
massachusetts,UMass,University of Massachusetts Amherst,Minutemen,mac,Amherst,MA,Amherst,Tempest
miami-oh,Miami (OH),Miami University,RedHawks,mac,Oxford,OH,Oxford (OH),Hammers
ohio,Ohio,Ohio University,Bobcats,mac,Athens,OH,Athens (OH),Cobras
sacramento-state,Sacramento State,California State University Sacramento,Hornets,mac,Sacramento,CA,Sacramento,Avalanche
toledo,Toledo,University of Toledo,Rockets,mac,Toledo,OH,Toledo,Vipers
western-michigan,Western Michigan,Western Michigan University,Broncos,mac,Kalamazoo,MI,Kalamazoo,Sharks
air-force,Air Force,United States Air Force Academy,Falcons,mountain-west,Colorado Springs,CO,Colorado Springs,Cobras
hawaii,Hawaii,University of Hawaii at Manoa,Rainbow Warriors,mountain-west,Honolulu,HI,Honolulu,Outlaws
nevada,Nevada,University of Nevada Reno,Wolf Pack,mountain-west,Reno,NV,Reno,Storm
new-mexico,New Mexico,University of New Mexico,Lobos,mountain-west,Albuquerque,NM,Albuquerque,Jackals
north-dakota-state,North Dakota State,North Dakota State University,Bison,mountain-west,Fargo,ND,Fargo,Admirals
northern-illinois,Northern Illinois,Northern Illinois University,Huskies,mountain-west,DeKalb,IL,DeKalb,Sharks
san-jose-state,San Jose State,San Jose State University,Spartans,mountain-west,San Jose,CA,San Jose,Pioneers
unlv,UNLV,University of Nevada Las Vegas,Rebels,mountain-west,Las Vegas,NV,Las Vegas,Elk
utep,UTEP,University of Texas at El Paso,Miners,mountain-west,El Paso,TX,El Paso,Condors
wyoming,Wyoming,University of Wyoming,Cowboys,mountain-west,Laramie,WY,Laramie,Sentinels
delaware,Delaware,University of Delaware,Blue Hens,conference-usa,Newark,DE,Newark,Comets
fiu,FIU,Florida International University,Panthers,conference-usa,Miami,FL,Miami,Lynx
jacksonville-state,Jacksonville State,Jacksonville State University,Gamecocks,conference-usa,Jacksonville,AL,Jacksonville,Elk
kennesaw-state,Kennesaw State,Kennesaw State University,Owls,conference-usa,Kennesaw,GA,Kennesaw,Kings
liberty,Liberty,Liberty University,Flames,conference-usa,Lynchburg,VA,Lynchburg,Condors
middle-tennessee,Middle Tennessee,Middle Tennessee State University,Blue Raiders,conference-usa,Murfreesboro,TN,Murfreesboro,Wildfire
missouri-state,Missouri State,Missouri State University,Bears,conference-usa,Springfield,MO,Springfield,Meteors
new-mexico-state,New Mexico State,New Mexico State University,Aggies,conference-usa,Las Cruces,NM,Las Cruces,Captains
sam-houston,Sam Houston,Sam Houston State University,Bearkats,conference-usa,Huntsville,TX,Huntsville,Coyotes
western-kentucky,Western Kentucky,Western Kentucky University,Hilltoppers,conference-usa,Bowling Green,KY,Bowling Green (KY),Avalanche
boise-state,Boise State,Boise State University,Broncos,pac-12,Boise,ID,Boise,Raptors
colorado-state,Colorado State,Colorado State University,Rams,pac-12,Fort Collins,CO,Fort Collins,Mavericks
fresno-state,Fresno State,California State University Fresno,Bulldogs,pac-12,Fresno,CA,Fresno,Foxes
oregon-state,Oregon State,Oregon State University,Beavers,pac-12,Corvallis,OR,Corvallis,Riders
san-diego-state,San Diego State,San Diego State University,Aztecs,pac-12,San Diego,CA,San Diego,Vipers
texas-state,Texas State,Texas State University,Bobcats,pac-12,San Marcos,TX,San Marcos,Voltage
utah-state,Utah State,Utah State University,Aggies,pac-12,Logan,UT,Logan,Orbit
washington-state,Washington State,Washington State University,Cougars,pac-12,Pullman,WA,Pullman,Marlins
